0,home
1,home
2,home
3,home
4,home
5,home
6,home
7,home
8,home
9,home
10,home
11,home
12,home
13,home
14,home
15,home
16,home
17,home
18,home
19,home
20,home
21,home
22,home
23,home
24,home
25,home
26,home
27,home
28,home
29,home
30,home
31,home
32,home
33,home
34,home
35,home
36,home
37,home
38,home
39,home
40,home
41,home
42,home
43,home
44,home
45,home
46,home
47,home
48,home
49,home
50,home
51,home
52,home
53,home
54,home
55,home
56,home
57,home
58,home
59,home
60,home
61,home
62,home
63,home
64,home
65,home
66,home
67,home
68,home
69,home
70,home
71,home
72,home
73,home
74,home
75,home
76,home
77,home
78,home
79,home
80,home
81,home
82,home
83,home
84,home
85,home
86,home
87,home
88,home
89,home
90,home
91,home
92,home
93,home
94,home
95,home
96,home
97,home
98,home
99,home
100,home
101,home
102,home
103,home
104,home
105,home
106,home
107,home
108,home
109,home
110,home
111,home
112,home
113,home
114,home
115,home
116,home
117,home
118,home
119,home
120,home
121,home
122,home
123,home
124,home
125,home
126,home
127,home
128,home
129,home
130,home
131,home
132,home
133,home
134,home
135,home
136,home
137,home
138,home
139,home
140,home
141,home
142,home
143,home
144,home
145,home
146,home
147,home
148,home
149,home
150,home
151,home
152,home
153,home
154,home
155,home
156,home
157,home
158,home
159,home
160,home
161,home
162,home
163,home
164,home
165,home
166,home
167,home
168,home
169,home
170,home
171,home
172,home
173,home
174,home
175,home
176,home
177,home
178,home
179,home
180,home
181,home
182,home
183,home
184,home
185,home
186,home
187,home
188,home
189,home
190,home
191,home
192,home
193,home
194,home
195,home
196,home
197,home
198,home
199,home
200,home
201,home
202,home
203,home
204,home
205,home
206,home
207,home
208,home
209,home
210,home
211,home
212,home
213,home
214,home
215,home
216,home
217,home
218,home
219,home
220,home
221,home
222,home
223,home
224,home
225,home
226,home
227,home
228,home
229,home
230,home
231,home
232,home
233,home
234,home
235,home
236,home
237,home
238,home
239,home
240,home
241,home
242,home
243,home
244,home
245,home
246,home
247,home
248,home
249,home
250,home
251,home
252,home
253,home
254,home
255,home
256,home
257,home
258,home
259,home
260,home
261,home
262,home
263,home
264,home
265,home
266,home
267,home
268,home
269,home
270,home
271,home
272,home
273,home
274,home
275,home
276,home
277,home
278,home
279,home
280,home
281,home
282,home
283,home
284,home
285,home
286,home
287,home
288,home
289,home
290,home
291,home
292,home
293,home
294,home
295,home
296,home
297,home
298,home
299,home
300,home
301,home
302,home
303,home
304,home
305,home
306,home
307,home
308,home
309,home
310,home
311,home
312,home
313,home
314,home
315,home
316,home
317,home
318,home
319,home
320,home
321,home
322,home
323,home
324,home
325,home
326,home
327,home
328,home
329,home
330,home
331,home
332,home
333,home
334,home
335,home
336,home
337,home
338,home
339,home
340,home
341,home
342,home
343,home
344,home
345,home
346,home
347,home
348,home
349,home
350,home
351,home
352,home
353,home
354,home
355,home
356,home
357,home
358,home
359,home
360,home
361,home
362,home
363,home
364,home
365,home
366,home
367,home
368,home
369,home
370,home
371,home
372,home
373,home
374,home
375,home
376,home
377,home
378,home
379,home
380,home
381,home
382,home
383,home
384,home
385,home
386,home
387,home
388,home
389,home
390,home
391,home
392,home
393,home
394,home
395,home
396,home
397,home
398,home
399,home
400,home
401,home
402,home
403,home
404,home
405,home
406,home
407,home
408,home
409,home
410,home
411,home
412,home
413,home
414,home
415,home
416,home
417,home
418,home
419,home
420,home
421,home
422,home
423,home
424,home
425,home
426,home
427,home
428,home
429,home
430,home
431,home
432,home
433,home
434,home
435,home
436,home
437,home
438,home
439,home
440,home
441,home
442,home
443,home
444,home
445,home
446,home
447,home
448,home
449,home
450,home
451,home
452,home
453,home
454,home
455,home
456,home
457,home
458,home
459,home
460,home
461,home
462,home
463,home
464,home
465,home
466,home
467,home
468,home
469,home
470,home
471,home
472,home
473,home
474,home
475,home
476,home
477,home
478,home
479,home
480,work
481,work
482,work
483,work
484,work
485,work
486,work
487,work
488,work
489,work
490,work
491,work
492,work
493,work
494,work
495,work
496,work
497,work
498,work
499,work
500,work
501,work
502,work
503,work
504,work
505,work
506,work
507,work
508,work
509,work
510,work
511,work
512,work
513,work
514,work
515,work
516,work
517,work
518,work
519,work
520,work
521,work
522,work
523,work
524,work
525,work
526,work
527,work
528,work
529,work
530,work
531,work
532,work
533,work
534,work
535,work
536,work
537,work
538,work
539,work
540,work
541,work
542,work
543,work
544,work
545,work
546,work
547,work
548,work
549,work
550,work
551,work
552,work
553,work
554,work
555,work
556,work
557,work
558,work
559,work
560,work
561,work
562,work
563,work
564,work
565,work
566,work
567,work
568,work
569,work
570,work
571,work
572,work
573,work
574,work
575,work
576,work
577,work
578,work
579,work
580,work
581,work
582,work
583,work
584,work
585,work
586,work
587,work
588,work
589,work
590,work
591,work
592,work
593,work
594,work
595,work
596,work
597,work
598,work
599,work
600,work
601,work
602,work
603,work
604,work
605,work
606,work
607,work
608,work
609,work
610,work
611,work
612,work
613,work
614,work
615,work
616,work
617,work
618,work
619,work
620,work
621,work
622,work
623,work
624,work
625,work
626,work
627,work
628,work
629,work
630,work
631,work
632,work
633,work
634,work
635,work
636,work
637,work
638,work
639,work
640,work
641,work
642,work
643,work
644,work
645,work
646,work
647,work
648,work
649,work
650,work
651,work
652,work
653,work
654,work
655,work
656,work
657,work
658,work
659,work
660,work
661,work
662,work
663,work
664,work
665,work
666,work
667,work
668,work
669,work
670,work
671,work
672,work
673,work
674,work
675,work
676,work
677,work
678,work
679,work
680,work
681,work
682,work
683,work
684,work
685,work
686,work
687,work
688,work
689,work
690,work
691,work
692,work
693,work
694,work
695,work
696,work
697,work
698,work
699,work
700,work
701,work
702,work
703,work
704,work
705,work
706,work
707,work
708,work
709,work
710,work
711,work
712,work
713,work
714,work
715,work
716,work
717,work
718,work
719,work
720,shopping
721,shopping
722,shopping
723,shopping
724,shopping
725,shopping
726,shopping
727,shopping
728,shopping
729,shopping
730,shopping
731,shopping
732,shopping
733,shopping
734,shopping
735,shopping
736,shopping
737,shopping
738,shopping
739,shopping
740,shopping
741,shopping
742,shopping
743,shopping
744,shopping
745,shopping
746,shopping
747,shopping
748,shopping
749,shopping
750,shopping
751,shopping
752,shopping
753,shopping
754,shopping
755,shopping
756,shopping
757,shopping
758,shopping
759,shopping
760,shopping
761,shopping
762,shopping
763,shopping
764,shopping
765,shopping
766,shopping
767,shopping
768,shopping
769,shopping
770,shopping
771,shopping
772,shopping
773,shopping
774,shopping
775,shopping
776,shopping
777,shopping
778,shopping
779,shopping
780,shopping
781,shopping
782,shopping
783,shopping
784,shopping
785,shopping
786,shopping
787,shopping
788,shopping
789,shopping
790,shopping
791,shopping
792,shopping
793,shopping
794,shopping
795,shopping
796,shopping
797,shopping
798,shopping
799,shopping
800,shopping
801,shopping
802,shopping
803,shopping
804,shopping
805,shopping
806,shopping
807,shopping
808,shopping
809,shopping
810,shopping
811,shopping
812,shopping
813,shopping
814,shopping
815,shopping
816,shopping
817,shopping
818,shopping
819,shopping
820,shopping
821,shopping
822,shopping
823,shopping
824,shopping
825,shopping
826,shopping
827,shopping
828,shopping
829,shopping
830,shopping
831,shopping
832,shopping
833,shopping
834,shopping
835,shopping
836,shopping
837,shopping
838,shopping
839,shopping
840,shopping
841,work
842,work
843,work
844,work
845,work
846,work
847,work
848,work
849,work
850,work
851,work
852,work
853,work
854,work
855,work
856,work
857,work
858,work
859,work
860,work
861,work
862,work
863,work
864,work
865,work
866,work
867,work
868,work
869,work
870,work
871,work
872,work
873,work
874,work
875,work
876,work
877,work
878,work
879,work
880,work
881,work
882,work
883,work
884,work
885,work
886,work
887,work
888,work
889,work
890,work
891,work
892,work
893,work
894,work
895,work
896,work
897,work
898,work
899,work
900,work
901,work
902,work
903,work
904,work
905,work
906,work
907,work
908,work
909,work
910,work
911,work
912,work
913,work
914,work
915,work
916,work
917,work
918,work
919,work
920,work
921,work
922,work
923,work
924,work
925,work
926,work
927,work
928,work
929,work
930,work
931,work
932,work
933,work
934,work
935,work
936,work
937,work
938,work
939,work
940,work
941,work
942,work
943,work
944,work
945,work
946,work
947,work
948,work
949,work
950,work
951,work
952,work
953,work
954,work
955,work
956,work
957,work
958,work
959,work
960,work
961,work
962,work
963,work
964,work
965,work
966,work
967,work
968,work
969,work
970,work
971,work
972,work
973,work
974,work
975,work
976,work
977,work
978,work
979,work
980,work
981,work
982,work
983,work
984,work
985,work
986,work
987,work
988,work
989,work
990,work
991,work
992,work
993,work
994,work
995,work
996,work
997,work
998,work
999,work
1000,work
1001,work
1002,work
1003,work
1004,work
1005,work
1006,work
1007,work
1008,work
1009,work
1010,work
1011,work
1012,work
1013,work
1014,work
1015,work
1016,work
1017,work
1018,work
1019,work
1020,school
1021,school
1022,school
1023,school
1024,school
1025,school
1026,school
1027,school
1028,school
1029,school
1030,school
1031,school
1032,school
1033,school
1034,school
1035,school
1036,school
1037,school
1038,school
1039,school
1040,school
1041,school
1042,school
1043,school
1044,school
1045,school
1046,school
1047,school
1048,school
1049,school
1050,school
1051,school
1052,school
1053,school
1054,school
1055,school
1056,school
1057,school
1058,school
1059,school
1060,school
1061,school
1062,school
1063,school
1064,school
1065,school
1066,school
1067,school
1068,school
1069,school
1070,school
1071,school
1072,school
1073,school
1074,school
1075,school
1076,school
1077,school
1078,school
1079,school
1080,school
1081,school
1082,school
1083,school
1084,school
1085,school
1086,school
1087,school
1088,school
1089,school
1090,school
1091,school
1092,school
1093,school
1094,school
1095,school
1096,school
1097,school
1098,school
1099,school
1100,school
1101,home
1102,home
1103,home
1104,home
1105,home
1106,home
1107,home
1108,home
1109,home
1110,home
1111,home
1112,home
1113,home
1114,home
1115,home
1116,home
1117,home
1118,home
1119,home
1120,home
1121,home
1122,home
1123,home
1124,home
1125,home
1126,home
1127,home
1128,home
1129,home
1130,home
1131,home
1132,home
1133,home
1134,home
1135,home
1136,home
1137,home
1138,home
1139,home
1140,home
1141,home
1142,home
1143,home
1144,home
1145,home
1146,home
1147,home
1148,home
1149,home
1150,home
1151,home
1152,home
1153,home
1154,home
1155,home
1156,home
1157,home
1158,home
1159,home
1160,home
1161,home
1162,home
1163,home
1164,home
1165,home
1166,home
1167,home
1168,home
1169,home
1170,home
1171,home
1172,home
1173,home
1174,home
1175,home
1176,home
1177,home
1178,home
1179,home
1180,home
1181,home
1182,home
1183,home
1184,home
1185,home
1186,home
1187,home
1188,home
1189,home
1190,home
1191,home
1192,home
1193,home
1194,home
1195,home
1196,home
1197,home
1198,home
1199,home
1200,home
1201,home
1202,home
1203,home
1204,home
1205,home
1206,home
1207,home
1208,home
1209,home
1210,home
1211,home
1212,home
1213,home
1214,home
1215,home
1216,home
1217,home
1218,home
1219,home
1220,home
1221,home
1222,home
1223,home
1224,home
1225,home
1226,home
1227,home
1228,home
1229,home
1230,home
1231,home
1232,home
1233,home
1234,home
1235,home
1236,home
1237,home
1238,home
1239,home
1240,home
1241,home
1242,home
1243,home
1244,home
1245,home
1246,home
1247,home
1248,home
1249,home
1250,home
1251,home
1252,home
1253,home
1254,home
1255,home
1256,home
1257,home
1258,home
1259,home
1260,home
1261,home
1262,home
1263,home
1264,home
1265,home
1266,home
1267,home
1268,home
1269,home
1270,home
1271,home
1272,home
1273,home
1274,home
1275,home
1276,home
1277,home
1278,home
1279,home
1280,home
1281,home
1282,home
1283,home
1284,home
1285,home
1286,home
1287,home
1288,home
1289,home
1290,home
1291,home
1292,home
1293,home
1294,home
1295,home
1296,home
1297,home
1298,home
1299,home
1300,home
1301,home
1302,home
1303,home
1304,home
1305,home
1306,home
1307,home
1308,home
1309,home
1310,home
1311,home
1312,home
1313,home
1314,home
1315,home
1316,home
1317,home
1318,home
1319,home
1320,home
1321,home
1322,home
1323,home
1324,home
1325,home
1326,home
1327,home
1328,home
1329,home
1330,home
1331,home
1332,home
1333,home
1334,home
1335,home
1336,home
1337,home
1338,home
1339,home
1340,home
1341,home
1342,home
1343,home
1344,home
1345,home
1346,home
1347,home
1348,home
1349,home
1350,home
1351,home
1352,home
1353,home
1354,home
1355,home
1356,home
1357,home
1358,home
1359,home
1360,home
1361,home
1362,home
1363,home
1364,home
1365,home
1366,home
1367,home
1368,home
1369,home
1370,home
1371,home
1372,home
1373,home
1374,home
1375,home
1376,home
1377,home
1378,home
1379,home
1380,home
1381,home
1382,home
1383,home
1384,home
1385,home
1386,home
1387,home
1388,home
1389,home
1390,home
1391,home
1392,home
1393,home
1394,home
1395,home
1396,home
1397,home
1398,home
1399,home
1400,home
1401,home
1402,home
1403,home
1404,home
1405,home
1406,home
1407,home
1408,home
1409,home
1410,home
1411,home
1412,home
1413,home
1414,home
1415,home
1416,home
1417,home
1418,home
1419,home
1420,home
1421,home
1422,home
1423,home
1424,home
1425,home
1426,home
1427,home
1428,home
1429,home
1430,home
1431,home
1432,home
1433,home
1434,home
1435,home
1436,home
1437,home
1438,home
1439,home
